date,code,contract,ccy,trades,lots,block_lots,open,high,low,last,last_time,vwap
2026-10-02,CONF,2026-12-08,CHF,4,4.0,0.0,104.23,104.81,104.23,104.81,2026-10-02T12:30:02,104.5375
2026-10-02,FBON,2026-12-08,EUR,76,144.0,0.0,115.57,115.79,114.36,115.5,2026-10-02T15:31:19,115.48680555555565
2026-10-02,FBTP,2026-12-08,EUR,101024,716510.0,18806.0,109.99,110.68,109.59,110.5,2026-10-02T17:00:00,110.10712541346338
2026-10-02,FBTP,2027-03-08,EUR,29,28.0,0.0,109.33,109.7,108.96,109.7,2026-10-02T16:55:33,109.30785714285715
2026-10-02,FBTS,2026-12-08,EUR,51537,734642.0,26544.0,104.35,104.62,104.18,104.53,2026-10-02T16:59:55,104.41127403551614
2026-10-02,FECX,2026-12-18,EUR,25,51.0,1565.0,169.32,169.34,168.99,169.17,2026-10-02T15:15:00,169.15039215686275
2026-10-02,FEHY,2026-12-18,EUR,37,154.0,1090.0,308.52,309.34,308.24,309.34,2026-10-02T15:17:27,308.7623376623377
2026-10-02,FGBC,2026-12-18,GBP,6,24.0,0.0,150.05,150.05,149.8,149.8,2026-10-02T09:48:28,149.87291666666667
2026-10-02,FGBL,2026-12-08,EUR,148599,2109441.0,133786.0,120.81,121.97,120.7,121.01,2026-10-02T20:03:32,121.26177881249511
2026-10-02,FGBL,2027-03-08,EUR,39,35.0,0.0,121.03,121.64,120.92,120.92,2026-10-02T16:38:55,121.32200000000005
2026-10-02,FGBM,2026-12-08,EUR,63473,1426667.0,232074.0,112.72,113.28,112.62,112.74,2026-10-02T20:03:32,112.932441592891
2026-10-02,FGBS,2026-12-08,EUR,54532,1896023.0,384542.0,105.015,105.195,104.89,104.94,2026-10-02T20:03:32,105.05012861131209
2026-10-02,FGBS,2027-03-08,EUR,2,0.0,0.0,,,,,,
2026-10-02,FGBX,2026-12-08,EUR,44220,271639.0,23061.0,101.34,103.94,101.1,102.52,2026-10-02T19:59:59,102.63929310592435
2026-10-02,FOAT,2026-12-08,EUR,92296,746327.0,58446.0,108.29,109.07,107.75,108.86,2026-10-02T19:59:43,108.47465460850088
2026-10-02,FOAT,2027-03-08,EUR,5,2.0,0.0,108.28,108.28,108.21,108.21,2026-10-02T14:51:50,108.245
2026-10-02,FUEM,2026-12-18,USD,8,23.0,3515.0,127.17,127.22,127.17,127.22,2026-10-02T15:26:24,127.17217391304348
2026-10-02,FUHY,2026-12-18,USD,38,157.0,0.0,748.2,751.35,747.5,747.56,2026-10-02T19:53:58,748.4599363057326
2026-10-02,FUIG,2026-12-18,USD,9,17.0,0.0,3471.1,3477.8,3470.9,3477.8,2026-10-02T14:06:40,3474.4352941176467
